Workbook

Sheet 1-Day Data CFS
A1: Exact Data | D1: Interval Data | I1: Threshold Data
A2: Index | B2: Value | D2: Index | E2: Lower | F2: Most Likely | G2: Upper | I2: Start Index | J2: End Index | K2: Value | L2: No. Above
A3: 1923 | B3: 99900 | D3: 1020 | E3: 181000 | F3: 187000 | G3: 194000 | I3: -2980 | J3: 1018 | K3: 376500 | L3: 0
A4: 1924 | B4: 25200 | D4: 1882 | E4: 115000 | F4: 132500 | G4: 150000 | I4: 1019 | J4: 1869 | K4: 175900 | L4: 0
A5: 1925 | B5: 14500 | I5: 1870 | J5: 1922 | K5: 110000 | L5: 0
A6: 1926 | B6: 40400 | I6: 1931 | J6: 1935 | K6: 110000 | L6: 0
A7: 1927 | B7: 114800
A8: 1928 | B8: 53300
A9: 1929 | B9: 43100
A10: 1930 | B10: 65100
A11: 1936 | B11: 15600
A12: 1937 | B12: 36800
A13: 1938 | B13: 75400
A14: 1939 | B14: 87300
A15: 1940 | B15: 12700
A16: 1941 | B16: 26900
A17: 1942 | B17: 39900
A18: 1943 | B18: 21800
... A93: 2018 | B93: 83200

Sheet 1-Day Data CMS
A1: Exact Data | D1: Interval Data | I1: Threshold Data
A2: Index | B2: Value | D2: Index | E2: Lower | F2: Most Likely | G2: Upper | I2: Start Index | J2: End Index | K2: Value | L2: No. Above
A3: 1923 | B3: ='1-Day Data CFS'!B3*0.028317 -> 2828.8683 | D3: 1020 | E3: ='1-Day Data CFS'!E3*0.028317 -> 5125.377 | F3: ='1-Day Data CFS'!F3*0.028317 -> 5295.279 | G3: ='1-Day Data CFS'!G3*0.028317 -> 5493.498 | I3: -2980 | J3: 1018 | K3: ='1-Day Data CFS'!K3*0.028317 -> 10661.35 | L3: 0
A4: 1924 | B4: ='1-Day Data CFS'!B4*0.028317 -> 713.5884 | D4: 1882 | E4: ='1-Day Data CFS'!E4*0.028317 -> 3256.455 | F4: ='1-Day Data CFS'!F4*0.028317 -> 3752.0025 | G4: ='1-Day Data CFS'!G4*0.028317 -> 4247.55 | I4: 1019 | J4: 1869 | K4: ='1-Day Data CFS'!K4*0.028317 -> 4980.9603 | L4: 0
A5: 1925 | B5: ='1-Day Data CFS'!B5*0.028317 -> 410.5965 | I5: 1870 | J5: 1922 | K5: ='1-Day Data CFS'!K5*0.028317 -> 3114.87 | L5: 0
A6: 1926 | B6: ='1-Day Data CFS'!B6*0.028317 -> 1144.0068 | I6: 1931 | J6: 1935 | K6: ='1-Day Data CFS'!K6*0.028317 -> 3114.87 | L6: 0
A7: 1927 | B7: ='1-Day Data CFS'!B7*0.028317 -> 3250.7916
A8: 1928 | B8: ='1-Day Data CFS'!B8*0.028317 -> 1509.2961
A9: 1929 | B9: ='1-Day Data CFS'!B9*0.028317 -> 1220.4627
A10: 1930 | B10: ='1-Day Data CFS'!B10*0.028317 -> 1843.4367
A11: 1936 | B11: ='1-Day Data CFS'!B11*0.028317 -> 441.7452
A12: 1937 | B12: ='1-Day Data CFS'!B12*0.028317 -> 1042.0656
A13: 1938 | B13: ='1-Day Data CFS'!B13*0.028317 -> 2135.1018
A14: 1939 | B14: ='1-Day Data CFS'!B14*0.028317 -> 2472.0741
A15: 1940 | B15: ='1-Day Data CFS'!B15*0.028317 -> 359.6259
A16: 1941 | B16: ='1-Day Data CFS'!B16*0.028317 -> 761.7273
A17: 1942 | B17: ='1-Day Data CFS'!B17*0.028317 -> 1129.8483
A18: 1943 | B18: ='1-Day Data CFS'!B18*0.028317 -> 617.3106
... A93: 2018 | B93: ='1-Day Data CFS'!B93*0.028317 -> 2355.9744
